{"cameraMode":{"drawMode":0,"name":"Shaded","section":"Shading Mode"},"sceneLighting":false,"audioPlay":false,"sceneViewState":{"showFog":true,"showMaterialUpdate":false,"showSkybox":false,"showFlares":true,"showImageEffects":true,"showParticleSystems":true},"in2DMode":false,"pivot":{"x":-41.569175720214847,"y":2.8301572799682619,"z":-26.843917846679689},"rotation":{"x":0.02148054912686348,"y":0.969547688961029,"z":-0.08776859194040299,"w":0.22778485715389253},"size":2.979341745376587,"orthographic":false}