{"cameraMode":{"drawMode":0,"name":"Shaded","section":"Shading Mode"},"sceneLighting":false,"audioPlay":false,"sceneViewState":{"showFog":true,"showMaterialUpdate":false,"showSkybox":false,"showFlares":true,"showImageEffects":true,"showParticleSystems":true},"in2DMode":false,"pivot":{"x":-13.263269424438477,"y":9.060332298278809,"z":-28.36142349243164},"rotation":{"x":-0.016114916652441026,"y":0.9827913045883179,"z":-0.12028645724058151,"w":-0.13994868099689485},"size":2.0793421268463136,"orthographic":false}